Donor Name,Email ID,Phone Number,Blood Group,City,Hospital Name,No. of Donations,Months Since Last Donation,Email Response Time,Available
Daniel Thompson,joneskevin@gmail.com,535-504-2601,O-,Hyderabad,Fortis,7,10,39,
Cristian Stewart,beardbrian@morgan-dean.com,(086)053-6124x0504,O-,Mumbai,AIIMS,1,6,29,
Kim Hernandez,nancyschultz@gmail.com,(660)468-1587,B-,Kolkata,Max Healthcare,1,12,15,
Gary Herring,molinaaaron@yahoo.com,846.625.5921x280,A-,Delhi,Manipal Hospital,14,3,43,
Pamela Becker,butlerandrew@smith-barr.com,192-530-0938,B-,Ahmedabad,Manipal Hospital,9,5,8,
David Reynolds,shepherdharold@yahoo.com,(178)396-9587x16907,AB-,Kolkata,Apollo Hospital,8,23,21,
David Perkins,elloyd@anderson-davis.com,409.210.6160x77089,B-,Mumbai,Fortis,17,15,39,
Jennifer Brown,leoncarol@medina.com,717.376.4885x720,A-,Pune,Fortis,15,14,19,
Christopher King,njohnson@baker.com,852.241.2187x51851,AB+,Ahmedabad,Max Healthcare,9,18,23,
Lynn Williams,amandawood@wheeler-torres.com,001-301-942-1384x7571,AB+,Chennai,Apollo Hospital,10,3,11,
Joseph Stewart,karenlopez@thornton-fields.net,292-662-7326x002,A+,Bengaluru,Narayana Health,10,20,11,
Maria Campbell,james64@rose.com,(374)198-6467x50169,A-,Chennai,Apollo Hospital,15,0,24,
Matthew Miller,garyjenkins@gmail.com,(309)469-0865x98167,O-,Kolkata,Apollo Hospital,2,9,36,
Tina Garza,cmiller@lyons.com,001-382-942-7668,O+,Ahmedabad,Max Healthcare,6,20,40,
Audrey Smith,cortezstephanie@hotmail.com,001-268-284-6582x938,B-,Chennai,Max Healthcare,18,5,24,
Mr. Robert Martinez,dylan16@hotmail.com,(088)167-8344x79554,AB+,Ahmedabad,Manipal Hospital,20,4,3,
Gwendolyn Hayes,breanna34@hotmail.com,(487)323-5632x163,O-,Pune,Max Healthcare,4,6,22,
Alyssa King,vickipierce@morton-mcdaniel.org,+1-391-733-9396x906,AB-,Mumbai,Manipal Hospital,18,20,2,
Amber Scott,nsmith@gmail.com,168.090.4396x42056,A-,Ahmedabad,Manipal Hospital,7,14,24,
Alexis Benson,christophertate@yahoo.com,(895)981-6144x337,O+,Mumbai,AIIMS,5,21,44,
Morgan Tucker,bjames@edwards-williams.biz,815-761-4776,AB-,Chennai,Manipal Hospital,19,5,30,
Robert Woods,knightrobin@martinez.com,001-106-362-6336,O-,Kolkata,Fortis,4,19,38,
Susan Russell,carlosgomez@hotmail.com,(776)248-3091x374,B+,Delhi,AIIMS,1,8,2,
Bonnie Smith,ashleylambert@yahoo.com,857-053-2637x58300,B+,Chennai,Manipal Hospital,12,23,21,
Samuel Lewis,hernandezbrandon@bishop.org,201-639-7066x393,A-,Hyderabad,AIIMS,11,8,33,
Lori Murphy,collinsstephen@gmail.com,(485)748-0647x973,AB-,Hyderabad,Max Healthcare,11,22,12,
Stephen West,dana47@ortiz.org,828-863-8130x9132,B-,Chennai,Narayana Health,20,11,22,
Clinton Holland,zmcdonald@hotmail.com,291.226.8395x22905,B+,Pune,Apollo Hospital,6,3,44,
Cheryl Sandoval,jriley@rivas-sherman.com,001-696-453-0964x9221,B+,Ahmedabad,Apollo Hospital,4,18,25,
Daniel Abbott,chelsey91@yahoo.com,+1-150-832-4181x32691,AB+,Pune,Fortis,7,16,27,
Mr. Steven White,antonio83@clark-hogan.info,+1-946-815-1759x7485,A-,Chennai,AIIMS,6,14,42,
Chelsea Jenkins,daniel89@yahoo.com,001-793-540-3475x40690,A+,Bengaluru,Narayana Health,1,1,28,
Linda Martinez,richardmiller@hotmail.com,(431)878-5823,AB+,Hyderabad,Narayana Health,17,18,16,
Gerald Smith,jillianabbott@hotmail.com,226682970,O-,Bengaluru,Fortis,4,12,15,
Scott Lane,fieldswilliam@hickman-hogan.info,395.609.4210x26841,AB+,Pune,Narayana Health,4,8,47,
Cameron Gilbert,ilarson@williams.com,246-038-4277,B+,Delhi,Max Healthcare,7,11,44,
Aaron Hanna,shorttiffany@hotmail.com,766-114-3351,B-,Delhi,Apollo Hospital,13,11,3,
Andrew Mendoza,jacksonrobert@hotmail.com,626.283.4598x6015,B-,Delhi,Manipal Hospital,3,18,37,
Anthony Whitney,owenswilliam@hotmail.com,+1-926-544-7199x263,AB+,Pune,Fortis,5,5,7,
Deborah Jones,james06@garcia.net,-9881,O+,Pune,Max Healthcare,17,23,21,
Debra Miller,velasquezthomas@yahoo.com,474-829-6949x843,O+,Kolkata,Narayana Health,14,9,9,
Matthew Lopez DVM,victorialee@spencer.info,001-086-330-8220x560,B+,Hyderabad,AIIMS,15,13,39,
Taylor Dominguez,christophergreer@hotmail.com,422-888-5998x013,A-,Mumbai,AIIMS,11,4,18,
John Nunez,kward@gmail.com,001-156-970-4744x768,A+,Mumbai,Fortis,10,5,4,
Katrina Thornton,cantujohn@ellis.com,449-054-3417,AB+,Kolkata,Max Healthcare,7,16,25,
Courtney Garcia,shawrobert@hernandez-nielsen.com,-5902,A+,Bengaluru,Manipal Hospital,17,4,14,
Justin Smith,lancereed@huffman-wright.com,(780)622-4262x7908,B-,Kolkata,Apollo Hospital,3,14,9,
Vincent Jackson,eric05@gonzales-fox.com,937.290.6700x6397,A-,Bengaluru,Manipal Hospital,6,9,26,
Karen Miller,tony78@hotmail.com,001-446-764-9593x1918,A-,Delhi,Manipal Hospital,13,16,2,
Sarah Luna,zroberts@mckenzie.com,+1-499-567-7446x12503,AB+,Chennai,Max Healthcare,10,19,20,
Michael Warren,bruce44@patrick.com,-9083,A-,Bengaluru,AIIMS,8,9,28,
Barbara Day,gmarks@yahoo.com,+1-924-527-8733x167,B-,Kolkata,Apollo Hospital,13,19,47,
Kimberly Cameron,nphillips@gmail.com,+1-748-675-9476x9003,A-,Mumbai,Narayana Health,11,0,7,
Matthew Jordan,darrell82@yahoo.com,001-840-639-0338x307,AB+,Ahmedabad,Fortis,5,12,44,
Steven Ayers,lowerebecca@ray-beard.com,195.498.1026,O-,Kolkata,AIIMS,3,21,8,
Amber Ali,annelowe@hamilton-vargas.net,+1-681-029-0906x787,A-,Delhi,Narayana Health,10,4,47,
Mark Perez,jason30@hill-diaz.com,+1-609-841-6107x654,A+,Delhi,AIIMS,7,13,35,
Sydney Kelly,amy67@hotmail.com,(205)610-1985x77046,AB-,Chennai,Fortis,4,5,14,
Brandy Brooks,keithschultz@yahoo.com,001-579-481-4125,O-,Delhi,Narayana Health,17,8,17,
Lisa King,danielle64@sharp.com,(165)174-5168x26295,AB+,Bengaluru,AIIMS,8,24,36,
Erica Ferguson,tracyberry@hotmail.com,001-927-447-0868x835,A-,Chennai,Manipal Hospital,5,24,40,
Brandon Flores,corey51@harding-kirk.com,(255)458-6523,O+,Chennai,Max Healthcare,13,16,4,
Raymond Franklin,latkins@hotmail.com,+1-576-940-5034x29502,A-,Kolkata,Apollo Hospital,7,18,2,
Nicole Hunt,luis13@gmail.com,562.017.6543x8550,B+,Ahmedabad,Narayana Health,19,11,6,
Jason Beck,gonzalezvictoria@gmail.com,(880)286-7319x598,O-,Hyderabad,Manipal Hospital,5,15,42,
Nathan Charles DDS,john98@hotmail.com,+1-073-009-6594x98105,B-,Pune,Apollo Hospital,9,16,4,
Crystal Luna,zarellano@gmail.com,436.157.2270,B-,Bengaluru,Fortis,18,7,29,
Amber Hernandez,lucassawyer@reed.com,931-963-7216,A+,Pune,Manipal Hospital,20,20,18,
Maureen Knox,denisetorres@gmail.com,+1-377-692-8291x278,O-,Pune,Max Healthcare,7,14,26,
Olivia Stewart,waltonjeffrey@mason.com,001-026-835-2750x728,A-,Pune,Apollo Hospital,13,9,44,
Barry Rios,derek33@yahoo.com,437.070.6159x42825,B-,Mumbai,Manipal Hospital,14,13,34,
Mrs. Anna Smith DVM,bryansmith@serrano.com,185-019-6990,O+,Mumbai,Narayana Health,14,13,10,
Willie Joseph,travisclark@lara-bruce.info,001-920-233-4986x7423,O-,Mumbai,AIIMS,17,23,36,
John Ramsey DVM,paul23@lewis.com,(998)948-3028x272,A+,Delhi,Max Healthcare,8,19,14,
Kaylee Moon,padillalisa@sanchez-lewis.info,+1-687-887-9269x92970,AB-,Mumbai,Manipal Hospital,20,3,31,
Marcus Simmons,sthornton@cox.com,392-838-6878x230,AB-,Bengaluru,Apollo Hospital,14,23,15,
Tara Wright,dawsonjill@andersen-olson.com,+1-180-330-7574x169,A-,Delhi,Narayana Health,2,0,8,
Alexander Nguyen,mreyes@henderson.com,001-092-528-8635,AB-,Hyderabad,Narayana Health,10,16,14,
Jason Graham,robinflores@butler.com,-9998,O+,Chennai,Fortis,10,15,23,
Teresa Wilson,wmason@martin.com,6957667438,AB-,Pune,Max Healthcare,2,1,40,
Clinton Marsh,payneandrea@nguyen-silva.org,8927409316,AB+,Kolkata,Manipal Hospital,2,18,21,
Benjamin Parker,zmeyers@armstrong-craig.info,(652)296-8542,B+,Hyderabad,Manipal Hospital,10,11,16,
Alex Ramirez,xroach@yahoo.com,(802)387-6665x32599,B+,Ahmedabad,Fortis,18,19,45,
Carlos Yang DVM,stephaniereyes@graves.biz,-6947,A+,Kolkata,Narayana Health,4,2,18,
Patrick Hayden,woodwardchristopher@cook-cooley.net,177.536.7581,B+,Mumbai,Narayana Health,13,19,47,
Christopher Snyder,tiffanymclaughlin@yahoo.com,173.343.7550x41719,O+,Hyderabad,Narayana Health,3,17,24,
Catherine Flores,hermancynthia@vega-moore.com,818-667-2648x7265,A-,Kolkata,Max Healthcare,5,2,26,
Margaret Allen,warnerdavid@hotmail.com,755.417.7719,O-,Delhi,Max Healthcare,18,7,25,
Sara Rogers,alexandracook@hotmail.com,064-772-3468x35846,A+,Ahmedabad,AIIMS,16,13,45,No
Jonathan Woods,meghan60@bowman.com,479-177-7729x3946,O-,Kolkata,Max Healthcare,5,16,41,
Matthew Evans,loganrobert@gmail.com,(234)415-0212x64248,AB-,Mumbai,Manipal Hospital,15,12,29,
Isaiah Cervantes,harold46@hotmail.com,001-126-249-8514x330,AB-,Hyderabad,AIIMS,3,7,15,
Emily Brown,qwinters@hernandez.com,(918)055-5511,A+,Delhi,Max Healthcare,19,4,45,
Johnny Ferguson,ewingkelly@yahoo.com,456.173.8490x2933,A-,Delhi,AIIMS,18,12,1,
Christopher Juarez,johnpatrick@scott.biz,239-163-8054,O+,Hyderabad,Max Healthcare,6,16,25,
Vanessa Holt,fishershaun@yahoo.com,179.261.4324x5026,B-,Kolkata,Manipal Hospital,18,14,7,
Dr. Amy Garcia,masonmark@jordan-martinez.info,077.280.5900x950,A+,Chennai,Apollo Hospital,17,15,9,
Olivia Smith,khill@nelson-skinner.com,9387106731,AB-,Kolkata,Fortis,4,14,24,
David Daugherty,fmartin@graham-buckley.com,369.744.9355,AB+,Hyderabad,Narayana Health,17,21,1,
Mary Williams,jacob28@yahoo.com,955.315.6618,B-,Pune,Narayana Health,13,1,44,
William Crawford,ariel61@jackson.org,+1-564-403-5397x73783,AB-,Chennai,Narayana Health,10,14,8,
Autumn Mayer,sheila46@french.com,001-538-078-1572,B+,Mumbai,Narayana Health,18,9,24,
Megan Brown,kjohnson@smith.com,(683)350-2030x5240,B+,Bengaluru,Max Healthcare,10,17,11,
Michael Fox,terriyang@yahoo.com,905.713.9176x598,B-,Chennai,Max Healthcare,18,9,17,
Ebony Knight,christopherwashington@rice.com,001-612-547-9329x82553,A+,Hyderabad,Apollo Hospital,17,2,8,
Jose Pennington,perezbrian@hotmail.com,+1-094-348-5940x909,AB+,Kolkata,Fortis,3,20,35,
Denise Rowe DDS,melissa09@gmail.com,085-779-7173,O-,Hyderabad,AIIMS,2,14,35,
Jessica Sullivan,iholmes@hall.com,165.607.4610x7031,B+,Mumbai,Apollo Hospital,17,24,33,
Victoria Coleman,robert82@yahoo.com,548.416.9704x44745,A-,Pune,Narayana Health,4,23,5,
Mary Vincent,colebrian@yahoo.com,291-873-1016x95118,O-,Mumbai,Narayana Health,18,6,42,
Jeffrey Gill,hrichardson@gmail.com,541-298-4134,O+,Pune,Apollo Hospital,9,22,39,
Eric Solomon,michael16@santos-scott.com,764.902.5356x820,A+,Mumbai,Max Healthcare,7,2,41,
Douglas Conley,ingramgina@hotmail.com,508-282-4293x07650,AB+,Kolkata,Fortis,6,23,28,
Sherry Logan,joycehunter@gmail.com,(021)463-6553x9255,O+,Kolkata,Fortis,16,10,7,
Amanda Vargas,jessicawilcox@burton.com,219-505-5897x23529,B+,Bengaluru,AIIMS,13,17,9,
Tracy Patterson,phillipsbrandon@chambers-garcia.net,143.483.0173x3259,B+,Hyderabad,Apollo Hospital,20,13,8,
Laura Brown,moralesrobert@gardner.com,983-509-9640x27882,O+,Hyderabad,Fortis,4,13,12,
Richard Cole,michaelwood@gmail.com,+1-666-172-2299x9690,O+,Bengaluru,Manipal Hospital,19,3,34,
Kathleen Rivera,barbarahaney@gmail.com,610-186-3155,O+,Mumbai,Max Healthcare,9,20,33,
Michael Thomas,zimmermantina@hotmail.com,929-351-1812x3284,A-,Hyderabad,AIIMS,12,23,23,
John Williams,wardjoseph@lee.net,076-913-8915x6021,O-,Kolkata,AIIMS,1,0,24,
James Kelly,linda11@ellis.org,(962)343-9474x936,O-,Mumbai,Max Healthcare,19,7,37,
Jessica Johnson,susan47@yahoo.com,-3033,A+,Kolkata,Manipal Hospital,16,1,35,
Susan Sellers,browncindy@yahoo.com,202.363.4275,B-,Delhi,Fortis,3,17,44,
Mckenzie Preston,jessicabernard@hotmail.com,630.851.5398x505,AB+,Delhi,Manipal Hospital,4,4,40,
Brian Rios,cynthia09@richards-levy.biz,899.296.4344x3750,A-,Pune,Max Healthcare,3,15,22,
Joseph Cain,amanda47@gmail.com,001-886-931-2893x618,B-,Pune,Manipal Hospital,8,13,27,
Kimberly Parker,jwashington@yahoo.com,-6888,A-,Bengaluru,AIIMS,5,5,35,
Jennifer Alexander,fosterbrenda@hotmail.com,+1-427-514-8592x3358,AB-,Hyderabad,Manipal Hospital,7,7,1,
Michael Peterson,ahubbard@gmail.com,012.754.5180x104,AB+,Hyderabad,Fortis,1,14,35,
Julie Stafford,smithdennis@allen.org,415-983-1735x98073,AB+,Ahmedabad,Manipal Hospital,12,23,37,
Jacob Waller,andremacias@macdonald.com,825-087-0615x80088,AB-,Hyderabad,Apollo Hospital,20,24,47,
Eric Carroll,elizabeth69@hotmail.com,280-346-7940,AB+,Pune,Max Healthcare,13,20,14,
Donald Ward,reednicholas@kelly.com,(413)825-5108,AB-,Mumbai,AIIMS,3,4,3,
Luke Jenkins,ashleygreene@butler.com,(901)954-3960,AB+,Chennai,AIIMS,3,10,1,
Ian Allen,hnash@yahoo.com,(355)432-5690,AB+,Mumbai,AIIMS,19,10,5,
Diane Holt,kchristensen@ballard-ingram.com,746.413.6167x593,B+,Ahmedabad,Apollo Hospital,1,22,26,
Dawn Smith,maxwelllaurie@fisher.info,730-219-9941,B+,Ahmedabad,Max Healthcare,19,20,14,
Sara Gomez,smithtiffany@gmail.com,958-080-8921x399,B+,Delhi,Manipal Hospital,15,17,39,
Jack Elliott,tina29@white.com,(220)518-3415,AB+,Delhi,Max Healthcare,12,12,27,
Adrian Martin,colleen66@brown.com,029.919.0111x6752,AB+,Mumbai,Fortis,14,12,9,
Alec Kelly,samuelwatts@nunez.com,477-126-3498,A-,Hyderabad,Narayana Health,1,12,15,
Deborah Cooper,colleen09@bradford-scott.com,431-911-5322,AB-,Ahmedabad,Apollo Hospital,9,2,15,
Joy Taylor,elizabeth68@horne-martinez.com,(724)587-7940,AB-,Chennai,AIIMS,11,0,26,
Mark Howell,james40@bishop-jacobs.biz,958-912-1797x2780,A-,Kolkata,Manipal Hospital,11,3,42,
Rachel Norman,lewisteresa@craig.info,001-805-151-0045x54118,AB+,Delhi,Apollo Hospital,12,1,13,
Beth Duncan,virginiabarrett@miller.net,-4183,B-,Ahmedabad,AIIMS,13,19,32,
Denise Lane,sharrell@gmail.com,972-703-5377x3727,O-,Kolkata,Narayana Health,12,7,39,
Elizabeth Ward,aliciapennington@williams-meyer.net,(118)825-5003,A+,Hyderabad,Manipal Hospital,1,19,32,
John Schmidt,hdavis@woodard.com,349.094.5141,O-,Hyderabad,Fortis,10,7,4,
Bradley Hess,thomasmonica@yahoo.com,839.070.2224,AB+,Pune,Max Healthcare,18,18,30,
Alexander Price,davidandrew@hotmail.com,141.669.3554x16215,B+,Delhi,AIIMS,5,14,37,
Brittany Barnes,davidirwin@melton.com,528.938.8281,O+,Chennai,Manipal Hospital,8,13,23,
Madison Jones,crystalashley@alvarez.com,310.869.8240x08881,A-,Pune,Apollo Hospital,18,9,39,
Jeffrey Allen,johnsonkatie@martin.net,326.038.0464,A-,Delhi,Manipal Hospital,13,22,45,
Edward Rodriguez,robinsonlinda@robertson-becker.info,830.477.4441x20768,AB-,Chennai,Narayana Health,4,3,15,
Melissa Vang,johnlawson@smith.com,640.450.9893x61587,A-,Kolkata,AIIMS,10,8,43,
Kristopher Bryan,matthew34@yahoo.com,612.731.0137,B-,Kolkata,Fortis,9,22,29,
Keith King,garciadouglas@hotmail.com,+1-551-579-8834x4955,A+,Kolkata,Narayana Health,17,5,36,
Vanessa Riley,murraykatie@gmail.com,179.857.6012,AB-,Delhi,AIIMS,8,9,13,
Ronald Meadows,palmermelinda@gmail.com,001-854-399-9568x548,B+,Kolkata,AIIMS,13,23,32,
Shawn Smith,davisdavid@franklin-walker.com,047.717.1855x44950,O+,Chennai,Narayana Health,1,3,7,
Kevin Gregory,susanlowery@yahoo.com,+1-526-684-0444x298,AB+,Bengaluru,Narayana Health,3,16,22,
Mr. Ryan Rosario,ewingjoseph@bell-james.com,225-360-3406x6158,O-,Bengaluru,Apollo Hospital,17,6,28,
Maria Fuller,linda41@curry-robinson.com,208.145.0890,B-,Kolkata,Narayana Health,3,23,2,
April Ross,timothy71@morales-brady.org,6953896516,B-,Hyderabad,AIIMS,17,21,42,
Michael Ayers,aprilgaines@hotmail.com,259-456-6993x5565,B+,Ahmedabad,Fortis,4,8,45,
Daniel Perez,elizabethbutler@austin.com,009-993-4612x769,O+,Mumbai,AIIMS,5,16,6,
Kevin Ramsey,nbailey@johnson.com,+1-113-542-0024x515,AB-,Hyderabad,Narayana Health,2,17,28,
William Sparks,john27@yahoo.com,001-720-079-6733x84077,B+,Bengaluru,Max Healthcare,12,9,28,
Rachel Rojas,ksosa@gmail.com,+1-326-004-8419x96358,O-,Bengaluru,Narayana Health,5,19,44,
Brenda Stevens,matthewwolfe@yahoo.com,822-853-6556,AB+,Ahmedabad,Narayana Health,20,6,44,
Brittany Leonard,jamesanderson@shannon.biz,842.262.1788,O-,Delhi,Narayana Health,11,20,20,
Richard Baker,alvarezrobert@hotmail.com,001-265-818-0325,B-,Delhi,Fortis,6,8,30,
Gary Williams,barbara05@gmail.com,(657)477-6863x5034,A-,Delhi,Fortis,15,7,11,
Robert Hansen,anthony06@gmail.com,(748)787-3780x24259,B-,Kolkata,Max Healthcare,11,11,28,
Deanna Day,marissa28@hotmail.com,-3528,AB+,Mumbai,Narayana Health,19,10,25,
Duane Hudson,ashleynguyen@choi-kennedy.org,(092)114-8673,A-,Bengaluru,Manipal Hospital,15,6,39,
Michael Brown,jfisher@walker.com,253-794-7992x9544,B+,Mumbai,Fortis,14,24,33,
Victoria Hanna,collierallison@smith.com,481-508-1423x771,A-,Hyderabad,Max Healthcare,14,14,1,
Brandi Roman,gpineda@smith.com,(354)173-9213x8453,A-,Bengaluru,Fortis,13,24,27,
Jasmine Strong,baileykarla@yahoo.com,001-582-807-4202,AB+,Chennai,Max Healthcare,19,17,13,
Katelyn Stevens,mark08@oconnell.com,9911024889,B-,Kolkata,Fortis,20,13,41,
Leah Daniels,kirsten73@gmail.com,786-217-0068x55184,AB-,Pune,AIIMS,4,16,3,
Richard Castillo,rhurst@smith-friedman.biz,+1-814-343-9251x002,A-,Hyderabad,Max Healthcare,11,9,39,
Elizabeth Brooks,kimberlygarcia@gmail.com,001-387-634-1249,AB-,Pune,Max Healthcare,13,19,6,
Bobby Lopez,lindsaycarroll@alvarez.com,608-168-8117x83595,B+,Ahmedabad,Manipal Hospital,17,1,8,
Katherine Dawson,turnerjenny@hotmail.com,001-146-838-3982x055,B-,Hyderabad,Narayana Health,19,12,27,
Jenny Baldwin,qmays@yahoo.com,(238)992-4483x4386,AB+,Pune,Fortis,14,6,9,
Theresa Lawson DVM,jonathanmcdonald@gmail.com,(466)810-1438x039,AB+,Delhi,Narayana Health,11,7,37,
Kristy Haynes,dylanboyd@henry.biz,001-757-981-7642x490,AB+,Ahmedabad,Max Healthcare,15,16,33,
Christopher Santana,briancohen@lopez.com,-9403,A+,Mumbai,Fortis,19,4,42,
Daniel Fisher,nnelson@gmail.com,244-916-9771x84735,O+,Ahmedabad,Manipal Hospital,19,20,44,
James Taylor,phillipssteven@dunn.com,678.982.7171x60868,O-,Pune,AIIMS,9,4,24,
Brian Bennett,jackiemoody@burgess-allen.com,(861)229-2951x93435,AB-,Kolkata,Apollo Hospital,7,4,15,
Alisha Burke,victoria00@hotmail.com,001-959-560-5813x0848,A+,Ahmedabad,AIIMS,9,4,32,No
Linda Hunt,hayesthomas@hotmail.com,918-059-1228x3586,A+,Delhi,AIIMS,4,9,32,
James Martinez,danielrogers@roberts-miller.com,(300)414-1970x3650,A+,Hyderabad,Manipal Hospital,7,16,24,
Marissa Harding,lgonzalez@hotmail.com,(727)048-6981x54548,B+,Mumbai,Narayana Health,15,5,41,
Christopher Hall,russellsmith@gmail.com,694.726.1300,AB-,Mumbai,Narayana Health,8,23,12,
David Ross,vjohnson@todd.com,876.604.1129x7627,AB+,Hyderabad,Fortis,15,11,39,
Candace Allen,diamond42@gibbs.info,001-832-842-5211x279,A+,Ahmedabad,Apollo Hospital,10,6,2,Yes
Matthew Price,xadams@hall.org,5150998280,AB+,Chennai,Narayana Health,14,7,3,
Allen Bennett,cgill@miller.info,592-272-4045,AB-,Pune,Fortis,18,2,37,
Eric Frank,brewerpatrick@hotmail.com,+1-720-093-5159x406,A-,Chennai,Fortis,7,9,17,
Carlos Welch,mikayladean@gmail.com,+1-346-647-2422x39651,O-,Ahmedabad,AIIMS,6,16,2,
Veronica Cook,imorgan@young.com,(341)262-2912,B+,Bengaluru,AIIMS,11,19,2,
William Le,alex75@gmail.com,189-411-1735x4302,AB+,Chennai,Narayana Health,7,6,28,
Anne Jordan,joy13@juarez.com,503-268-7429x244,AB-,Mumbai,AIIMS,16,12,23,
Anthony Monroe,fmorris@hotmail.com,(754)321-5523x2671,A+,Delhi,Max Healthcare,9,7,37,
Sabrina Campbell DVM,stephaniejuarez@yahoo.com,039.674.4425x453,B+,Hyderabad,Manipal Hospital,3,20,32,
Lori Elliott,joshuascott@gmail.com,743.755.0544x219,AB-,Kolkata,AIIMS,17,24,33,
Jennifer Mcbride,amber48@brooks-jones.org,001-150-427-7660,AB+,Hyderabad,AIIMS,7,14,1,
Michael Griffith,paulwolfe@yahoo.com,(724)944-4829x031,A-,Chennai,Max Healthcare,16,21,19,
Justin Caldwell,imayo@hotmail.com,+1-033-538-6875x919,O+,Hyderabad,Max Healthcare,9,11,2,
Aaron Carlson,crawfordjeff@yahoo.com,313.075.4122x81290,B+,Ahmedabad,Fortis,9,22,44,
Amy Wells,jonathansmith@yahoo.com,001-943-874-6015x3453,AB+,Pune,Narayana Health,11,13,26,
Christopher Brown,mclaughlinerin@yahoo.com,991-761-1386x546,O-,Kolkata,Narayana Health,8,15,32,
Matthew Diaz,josebrown@cole.com,+1-917-357-7342x104,O+,Pune,AIIMS,10,7,6,
Michelle Miller,taylorbrian@anderson.org,(349)009-0910x202,B-,Mumbai,AIIMS,4,13,32,
Brian Brooks,arivera@casey.com,+1-090-030-0224x1845,A+,Kolkata,AIIMS,15,23,4,
Susan Black,paulyoung@yahoo.com,001-048-795-5247x5707,B-,Kolkata,Narayana Health,15,5,11,
James Wells,brendamatthews@harris-sparks.info,233-941-3484,A+,Ahmedabad,AIIMS,2,19,17,No
Paula Adams,josephmckenzie@gmail.com,697.461.0407x2649,B+,Kolkata,AIIMS,9,23,38,
Alexandria Ortiz,christinajohnson@gmail.com,+1-787-225-6805x1090,AB-,Pune,Manipal Hospital,6,16,24,
Bruce Hill,justinstephenson@yahoo.com,051.442.6025x469,AB-,Chennai,Narayana Health,19,16,5,
Ronald Walker,ohunt@gmail.com,4024634454,B+,Mumbai,Manipal Hospital,18,7,34,
Perry Olson,bowenhailey@taylor.info,+1-610-651-8774x815,A-,Hyderabad,AIIMS,11,4,6,
Richard Thomas,fcampbell@gmail.com,857-438-2092x703,AB+,Chennai,Apollo Hospital,11,1,22,
Brenda Sanford,longsharon@yahoo.com,285-352-2057x690,B+,Hyderabad,Manipal Hospital,17,3,11,
Tamara Barrera,natalie96@brown-blanchard.com,-5524,A-,Kolkata,Max Healthcare,5,3,16,
Jennifer Murphy,scottwalker@watson-blanchard.com,(304)789-5652,A-,Bengaluru,Fortis,15,22,33,
Teresa Hunter,cclark@yahoo.com,001-230-219-6308x4545,A-,Bengaluru,Apollo Hospital,9,6,9,
Steven Griffin,zhaley@lindsey-martin.com,001-080-354-2356x8679,AB+,Hyderabad,AIIMS,18,8,6,
Corey Roberts,atrevino@parker-chavez.org,(578)186-8650,A+,Delhi,Narayana Health,1,12,16,
Carla Stanley,diazaaron@gmail.com,019.323.8248x7209,AB+,Hyderabad,Apollo Hospital,20,10,29,
Angie Ramos,ian99@lambert-morris.net,001-307-357-0930,AB-,Mumbai,Fortis,2,22,3,
Kelly Joyce,richardkayla@johnson-jennings.org,2063512111,B-,Bengaluru,Manipal Hospital,1,20,20,
Lucas Bailey,wwilliams@zuniga-gallagher.net,+1-435-508-0768x006,AB-,Bengaluru,AIIMS,3,7,36,
Christopher Stanley,john01@barron.com,-8392,AB-,Bengaluru,Max Healthcare,7,21,19,
Erin Obrien,hernandezsean@hotmail.com,245-748-7918x17738,O+,Ahmedabad,Fortis,12,6,26,
Jean Sexton,gilmorevictoria@turner.com,633.489.0066x9303,B+,Kolkata,Apollo Hospital,8,19,3,
Heather Smith,jessica99@yahoo.com,+1-682-443-5594x495,AB+,Hyderabad,AIIMS,13,12,19,
Abigail Griffin,juliewalker@gmail.com,863-447-1880x18087,B-,Kolkata,Manipal Hospital,13,24,20,
James Terry,pvargas@hotmail.com,640.264.2946x93600,O+,Ahmedabad,Fortis,9,9,32,
Lauren Cooke,thomasdaniel@yahoo.com,001-147-319-8152x434,O-,Chennai,Apollo Hospital,4,21,7,
John Vance,robertrussell@santos.com,064-603-3305,O-,Hyderabad,Apollo Hospital,8,2,41,
Traci Fuentes,dblack@wang.info,001-201-198-6869x8687,B+,Mumbai,Manipal Hospital,6,2,33,
Dustin Boyer,unelson@knight-stout.org,590-768-5761x737,A+,Mumbai,AIIMS,14,17,40,
Douglas Cannon,mikaylaandrade@gmail.com,984.678.0287x420,B-,Mumbai,Max Healthcare,20,0,39,
Emily Rogers,james76@ortiz-castaneda.com,823-223-3365x1517,O-,Chennai,Fortis,4,10,18,
Michael Sanchez,rachel21@bowman.com,001-434-982-3507x9772,A-,Kolkata,Manipal Hospital,12,16,40,
Kimberly Snyder,courtney65@poole.com,001-946-765-9618x04975,AB-,Hyderabad,Max Healthcare,15,11,1,
Jennifer Gates,cshepherd@morales-reid.com,231-917-9244x07906,AB+,Mumbai,AIIMS,19,2,11,
Kelsey Robinson,josephcaldwell@hotmail.com,137.386.7696,B+,Pune,Apollo Hospital,18,13,28,
Albert Kirk,umoore@moore-wheeler.com,357.369.0669,B+,Hyderabad,Max Healthcare,15,18,25,
Mary Montgomery,ferrelldaniel@juarez-turner.com,+1-689-444-5080x9049,B-,Kolkata,Manipal Hospital,5,24,23,
Donna Rowland,danielschristina@gmail.com,8103152579,A-,Chennai,Fortis,4,4,31,
Michele Richardson,anash@jones.com,(899)220-6105x801,O+,Hyderabad,AIIMS,19,13,30,
Wayne Torres,sdavis@hotmail.com,984.025.4103x3182,O-,Ahmedabad,Manipal Hospital,4,10,42,
Keith Hicks DDS,megan12@yahoo.com,001-335-936-0526x717,B+,Hyderabad,Apollo Hospital,10,21,35,
John Thompson,kevin78@hotmail.com,(659)568-1228,AB-,Hyderabad,Apollo Hospital,1,14,7,
Edward Gould,christopher53@allen-hill.com,562.631.9936x434,B-,Bengaluru,Apollo Hospital,20,9,16,
Jodi Adams,potterapril@mullins-thomas.com,+1-999-674-0734x208,A+,Chennai,Manipal Hospital,3,24,26,
Victoria Hernandez,kevinjones@reyes-watts.net,784-059-4009,A+,Bengaluru,Apollo Hospital,6,8,2,
Anna Munoz,leecraig@thomas.net,-7320,O-,Kolkata,Max Healthcare,12,5,1,
Rebecca Joseph,houserebecca@hill.info,221.492.7286x3073,B-,Kolkata,AIIMS,19,9,12,
Susan Smith,coxsydney@richard-vazquez.com,(587)767-2522,AB-,Bengaluru,Narayana Health,18,13,5,
Jacqueline Williams,zwallace@robles.com,254-886-2455x87043,A-,Kolkata,Max Healthcare,17,15,37,
Elizabeth Davis,johnstonwilliam@gmail.com,(880)771-2212,O-,Chennai,Max Healthcare,2,24,32,
Daniel Blankenship,jonathan32@hernandez.com,4462198018,B+,Bengaluru,Fortis,15,16,9,
Walter Garrison,samanthacole@townsend.info,347-274-7236x73374,O-,Delhi,Narayana Health,16,16,41,
Timothy Johnson,reedtheresa@jacobs-bruce.com,657.638.8159x23571,O-,Bengaluru,Max Healthcare,1,2,35,
Francis Washington,emily55@ramos.info,802-170-7994,B-,Chennai,Apollo Hospital,5,4,19,
Valerie Rivera,nwilliamson@hill-king.info,(464)971-6375x677,A+,Bengaluru,Manipal Hospital,11,2,16,
Matthew Gray,john17@hotmail.com,001-265-426-2868x71614,AB+,Ahmedabad,AIIMS,15,22,3,
Kelly Warner,justinreyes@yahoo.com,001-511-887-5790x516,AB-,Hyderabad,Max Healthcare,4,14,20,
Nicholas Harding,xcuevas@hotmail.com,001-488-716-5756,A+,Pune,Max Healthcare,11,3,24,
Alex Ramos,smiller@gmail.com,354-516-1841x013,A-,Hyderabad,Manipal Hospital,5,10,33,
Kelly Gonzalez,meganlopez@osborn.com,(387)040-1053x0469,A+,Kolkata,Max Healthcare,2,16,24,
Amy Wagner,wallacetabitha@hotmail.com,-3786,A+,Mumbai,Max Healthcare,4,23,11,
Michael Miller,sgray@watts-carr.org,2533113266,O-,Bengaluru,Apollo Hospital,4,19,8,
Stephen Carrillo,balljessica@davis.info,(248)017-4322x2779,B+,Pune,AIIMS,18,23,36,
Carolyn Arnold,nbaker@robinson.net,(680)250-2307,B+,Chennai,AIIMS,8,2,38,
Taylor Jenkins,alexanderandrew@smith.com,395-506-8245x846,A-,Kolkata,Max Healthcare,7,14,40,
Latoya Alvarez,anthonylee@yahoo.com,7436894590,AB-,Kolkata,Narayana Health,10,17,20,
Leslie Thomas,joanrodriguez@roberts.info,034-839-8028x7708,A+,Mumbai,Apollo Hospital,18,4,35,
Ronald Miller,lwright@kaiser-barrera.com,1888111799,O+,Delhi,Manipal Hospital,19,9,25,
Stanley Clark,jennifer14@gmail.com,927.927.6172,O-,Bengaluru,Max Healthcare,9,6,35,
Kyle Boone,arnoldreginald@brady-camacho.com,063.628.7779x784,B-,Mumbai,Manipal Hospital,14,22,25,
Jeffrey Wilkins,petersonlaura@perry.com,(791)053-7565x01803,A-,Mumbai,Max Healthcare,9,13,29,
Kyle Aguilar,edward24@gmail.com,(205)765-8005,O+,Hyderabad,AIIMS,10,1,18,
Taylor Todd,autumntorres@phillips.com,(181)147-9707,AB-,Kolkata,AIIMS,19,24,46,
Jeffrey Pennington,paynehoward@yahoo.com,210.704.5060x06168,B+,Chennai,Manipal Hospital,10,22,18,
Keith Valentine,williamsalexander@warner.info,001-820-351-0254x7020,A+,Ahmedabad,Manipal Hospital,8,12,2,No
Dr. Amanda Cabrera,beckjeffrey@hotmail.com,001-414-158-1560,A-,Kolkata,Fortis,18,18,35,
Troy Martinez,cameronthomas@gmail.com,+1-459-186-0936x9522,O-,Hyderabad,Fortis,4,16,16,
Ryan Sheppard,shawnroman@dunn.com,009-152-1966x5627,B-,Mumbai,Max Healthcare,1,22,41,
Robert Smith,amyhansen@howard.com,(661)611-3880x9887,A+,Bengaluru,Manipal Hospital,16,5,36,
Jessica Lynch,wongscott@yahoo.com,(895)936-9957,O+,Bengaluru,Apollo Hospital,19,4,33,
Amanda Watts,ana63@palmer.net,5508297334,O+,Pune,Manipal Hospital,1,2,4,
Charles Kim,hendersonmonique@farmer.net,+1-138-967-8431x1485,O+,Mumbai,Apollo Hospital,9,11,33,
Chelsea Lopez,jeremy84@erickson.biz,9568384659,O+,Ahmedabad,Manipal Hospital,7,5,14,
Noah Diaz,afoster@gmail.com,136.250.3539,O+,Mumbai,AIIMS,11,20,21,
Jennifer Nguyen,courtneycook@martinez-lindsey.com,9220935851,B+,Ahmedabad,Max Healthcare,9,9,20,
Brian Chandler,amyglass@love.org,6158675354,O-,Ahmedabad,Apollo Hospital,1,7,8,
Jennifer Patton,monica20@thomas-odom.com,001-930-422-8127,A+,Pune,Fortis,14,7,7,
Sarah Bentley,imoreno@yahoo.com,001-362-999-0512x95294,B+,Delhi,Max Healthcare,17,18,3,
Ian Blanchard,daniellam@scott.net,(251)857-7443x16437,B-,Delhi,Fortis,14,9,17,
William Andersen,elizabethwilliams@harris.biz,928.597.4909,AB+,Mumbai,Manipal Hospital,16,22,33,
Mrs. Laura Martin,nadams@perez-morris.info,-10594,AB-,Chennai,AIIMS,12,7,12,
John Wood,cruzlinda@hotmail.com,377-142-4850x5332,AB+,Delhi,Max Healthcare,16,18,22,
Robert Tate,edwardsann@hernandez.com,(655)775-2382x06204,O+,Kolkata,Manipal Hospital,8,3,22,
Elijah Elliott,barnettdennis@yahoo.com,772.501.5002x91282,B-,Hyderabad,AIIMS,2,7,46,
Kenneth Rice,turnerheather@hotmail.com,352-065-9177x017,A+,Pune,Fortis,13,15,30,
Amanda Alvarez,michael62@davidson.com,+1-096-928-7775x387,A-,Ahmedabad,Narayana Health,12,5,38,
Rose Rojas,grose@mcknight-davis.com,+1-998-807-9002x841,A-,Delhi,AIIMS,10,9,38,
Misty Blake,jeffreymartinez@marshall-johnson.com,539-782-1210x28091,A+,Kolkata,Narayana Health,2,12,45,
George Ward,rhenry@hotmail.com,616.484.4170x1789,A+,Ahmedabad,Apollo Hospital,20,20,8,No
Rachel Byrd,marshalljoe@english.com,+1-752-794-2806x463,O+,Ahmedabad,Manipal Hospital,16,5,27,
Richard Drake,stevenanderson@yahoo.com,(600)804-9037x5169,O+,Pune,Fortis,8,15,27,
Kendra Jones,travisbird@yahoo.com,+1-502-874-9261x920,A+,Chennai,Manipal Hospital,16,22,34,
Shannon Best DDS,mooredarren@hotmail.com,+1-232-766-7348x3525,O+,Mumbai,AIIMS,1,7,21,
Diane Garcia,johndunn@dalton.info,820.153.2806x925,AB+,Ahmedabad,Apollo Hospital,17,12,30,
Randy Crawford,xalvarez@castro-decker.biz,038-702-2589x206,AB-,Pune,Narayana Health,17,6,33,
Charles Hayes,kwright@gmail.com,(639)354-1807x4265,A-,Ahmedabad,Max Healthcare,10,16,28,
Kevin Mayer,vincent91@gmail.com,077-784-6973x232,O-,Bengaluru,Manipal Hospital,19,21,47,
Peter Johnson,holttimothy@yahoo.com,659-416-9255,A+,Chennai,Apollo Hospital,2,10,33,
Tina Martin,taylor39@parker.com,029-520-7003,A+,Chennai,AIIMS,20,22,5,
Craig Rodriguez,nathan90@perez-bass.com,001-642-505-2280x348,A-,Delhi,Fortis,9,3,19,
Donald Vazquez,dparrish@thornton-hooper.com,(617)134-1397x978,A+,Delhi,Narayana Health,16,9,4,
Monique Perez,billy89@cunningham.com,285.705.3234,AB+,Bengaluru,Max Healthcare,16,7,35,
Summer Jenkins,sharon08@gmail.com,+1-235-769-4533x462,A+,Hyderabad,Narayana Health,16,1,17,
Tracey Burch,lisaweiss@roberts.com,703-057-6969x05122,B+,Bengaluru,Apollo Hospital,10,1,44,
Jeremy Barry,davisstephen@hotmail.com,222-497-9925x3417,AB-,Bengaluru,Manipal Hospital,17,18,28,
Anna Sullivan,mmeadows@gmail.com,001-729-960-2473x5039,O+,Ahmedabad,Fortis,18,13,30,
Diamond Brady,christinewelch@hotmail.com,317.977.9484,A+,Mumbai,Fortis,11,17,29,
Rebekah Brock DVM,ballstephanie@martin-reed.com,556-891-3608x953,B-,Mumbai,Manipal Hospital,6,16,46,
Eric Brown,suzannegonzalez@yahoo.com,195.834.1443x29390,A+,Bengaluru,Manipal Hospital,6,24,6,
Dr. Suzanne Tran,mullinsjulie@sloan.com,(974)940-6191,B-,Delhi,Fortis,20,9,35,
Jennifer Hobbs,jennifer74@hotmail.com,779-649-1495,AB-,Chennai,AIIMS,10,15,41,
Christine Smith,bruceholland@gmail.com,+1-631-385-3743x01679,O+,Chennai,AIIMS,12,5,37,
Jim Watkins,daniel46@lynch-smith.com,001-839-323-9578x42989,B+,Pune,Narayana Health,5,13,24,
Gail Powers,mathewsaaron@yahoo.com,+1-164-246-0897x2684,A-,Delhi,Narayana Health,12,9,29,
Jonathan Mckenzie,steven70@jackson.com,716.348.6616x15704,AB+,Pune,Narayana Health,11,0,46,
Danielle Jackson,robert16@yahoo.com,208-053-0082,AB-,Ahmedabad,Fortis,2,8,31,
Brittany Warren,craig36@smith.com,+1-639-865-5065x14847,B-,Hyderabad,Apollo Hospital,7,1,35,
Stephanie Fernandez,fbrooks@orr.org,001-122-289-2074,AB-,Kolkata,Fortis,6,7,33,
Howard Wilson,dillonashley@barry.com,341.277.8190x3637,O+,Ahmedabad,Apollo Hospital,12,14,21,
Sheila Jones,qbeasley@marshall.com,221.144.6408,O+,Mumbai,Fortis,1,2,32,
Brian Ball,jburton@hotmail.com,+1-873-242-1030x6807,A+,Pune,AIIMS,10,10,23,
Amanda Morgan,cherylmorris@gmail.com,758-977-6051,A+,Mumbai,AIIMS,8,9,33,
Bryan Jones,melissabrady@davis.net,+1-600-602-9388x524,A-,Pune,Manipal Hospital,6,22,3,
Melissa Stein,robinsonwilliam@gmail.com,001-574-648-4481x02008,AB-,Bengaluru,Max Healthcare,8,17,18,
Marc Taylor MD,aspencer@yahoo.com,(117)085-5577x748,B+,Delhi,Narayana Health,1,3,25,
Jessica Davis,serranotracey@hotmail.com,+1-245-477-1584x648,A+,Chennai,Max Healthcare,2,6,42,
David Andrews,kbowen@bush.com,001-593-731-0999x953,O-,Ahmedabad,Fortis,10,21,31,
Raymond Andersen,smithmelissa@yahoo.com,+1-206-132-0948x55575,AB-,Mumbai,AIIMS,14,12,3,
Eric Randall,jeremy31@hayes.com,001-286-945-4973x343,AB+,Chennai,Manipal Hospital,15,2,40,
Catherine Macias,ejohnson@gmail.com,001-019-705-0837x796,O+,Delhi,Apollo Hospital,7,20,46,
Derrick Morgan,jross@hotmail.com,710-647-4655,A+,Hyderabad,Manipal Hospital,19,2,24,
Lauren Lopez,normandevin@gmail.com,001-913-657-8203x275,A+,Delhi,Manipal Hospital,7,12,32,
Curtis Higgins,ashley66@yahoo.com,258.365.3643x659,AB+,Hyderabad,Max Healthcare,2,6,47,
Lisa Hansen,ubaker@thompson.com,(305)531-4362x047,AB-,Bengaluru,Narayana Health,17,14,22,
John Lane,qpatterson@hernandez.com,121.529.8827x1995,O-,Delhi,Apollo Hospital,6,21,23,
Paige Reynolds,hartmanmichelle@dunn.com,681.253.5126x157,B+,Ahmedabad,Narayana Health,13,0,2,
Mrs. Darlene Cole,karen59@gmail.com,001-246-486-1598x134,B-,Ahmedabad,Manipal Hospital,2,23,27,
Kyle Taylor,richardevans@yahoo.com,001-405-805-0566x09213,AB+,Chennai,Fortis,12,3,42,
Beth Evans,farmerpaige@yahoo.com,+1-328-408-3121x4421,A+,Delhi,Max Healthcare,4,15,2,
Theresa Hunt,monroesarah@yahoo.com,001-601-455-8538,B-,Ahmedabad,AIIMS,3,19,26,
Audrey Warner,gkline@holmes.com,261-868-8993x945,O-,Hyderabad,Fortis,13,18,17,
Julie Hernandez,millermatthew@yahoo.com,(099)761-7117x4798,A+,Hyderabad,AIIMS,13,20,40,
Abigail Green,reynoldsjacob@yahoo.com,4254936872,B-,Pune,Max Healthcare,18,6,33,
Justin Johnson,jacobsonwalter@hotmail.com,+1-643-013-7648x740,A-,Kolkata,Manipal Hospital,11,10,9,
Evan Johnson,steven87@hotmail.com,498.207.1755,A-,Delhi,Narayana Health,1,22,43,
Kyle Garrison,ujones@hanson.com,499-358-9919,O-,Kolkata,Fortis,2,17,39,
Jose Johnson,wporter@garrett.info,523.543.5394,A+,Pune,Manipal Hospital,18,21,29,
Gabriela Morrison,lgraham@waller-king.info,(487)682-0202x6281,B-,Bengaluru,AIIMS,18,1,42,
Casey Cunningham,floydchristine@hotmail.com,(295)869-7248x07611,B-,Kolkata,Narayana Health,13,20,26,
Tiffany Davis,smithchristopher@hotmail.com,(125)644-5617,B-,Pune,Narayana Health,14,7,35,
William Cook,qortiz@cummings.com,115.370.3245,B+,Hyderabad,Max Healthcare,9,17,25,
Erik Nguyen,ramoshector@taylor-valenzuela.org,559-787-0637x0779,O-,Bengaluru,Manipal Hospital,3,22,24,
Douglas Browning,fmejia@gmail.com,198.006.8508x1847,B+,Chennai,Narayana Health,17,7,13,
Tonya Sanders,reillypaul@brown.info,001-876-480-6448x123,O+,Chennai,AIIMS,20,19,7,
Erica Reed,sandovaljennifer@yahoo.com,001-251-894-9045x153,O-,Kolkata,Max Healthcare,7,0,36,
Jessica Oneill,mcgeekimberly@moore.com,1549547935,AB-,Hyderabad,Fortis,13,20,45,
Taylor Baker,djuarez@gmail.com,199-100-8306,A+,Delhi,Apollo Hospital,13,5,20,
Christy Johnson,conniejones@king-ellis.info,430-816-2878,AB+,Bengaluru,Fortis,6,3,1,
Maureen Nelson,benjamingregory@hotmail.com,323-188-5421x88692,AB+,Hyderabad,Fortis,4,3,8,
Andrew Johnson,carmenoliver@gibson.com,813.293.2081x47580,O+,Delhi,Manipal Hospital,7,11,46,
Emily Brown,robinsonjustin@watson-mason.com,(938)690-4356,B+,Kolkata,Fortis,7,24,16,
Karen Harrington,joshua28@yahoo.com,5301363923,AB+,Pune,Max Healthcare,9,9,14,
Gene Perkins,zacharyoneill@lee.info,001-291-553-0817x536,O+,Pune,Apollo Hospital,20,14,12,
Molly Ortiz,garnermatthew@gmail.com,+1-310-398-4460x56501,AB+,Ahmedabad,Narayana Health,15,21,23,
Marissa Price,simpsonjoanna@gmail.com,(180)219-4109x5042,AB-,Delhi,Apollo Hospital,3,6,15,
Robin Harris,nelsonvickie@gmail.com,+1-757-708-1809x84676,A+,Mumbai,Manipal Hospital,12,1,28,
Jessica Colon,lindsayguerrero@washington.info,001-366-662-7437,AB-,Pune,Max Healthcare,10,21,34,
William Lutz,jenniferball@hotmail.com,139.918.1411x281,A-,Hyderabad,Max Healthcare,14,18,2,
Laura Ortega,allison86@cuevas-garrison.com,001-394-827-4829x010,O-,Hyderabad,Apollo Hospital,10,0,32,
Gabriel Smith,richardsonandrea@gmail.com,530-898-0558x7476,O-,Hyderabad,Narayana Health,2,20,23,
Vanessa Salazar,hannaglenda@nunez-gutierrez.net,001-518-791-8825x3180,A-,Hyderabad,AIIMS,12,21,22,
Kim Scott,monique59@yahoo.com,(745)475-2291,AB-,Mumbai,Apollo Hospital,9,8,25,
Richard Martin,reginaswanson@olson.com,(405)821-4466x9664,B-,Kolkata,AIIMS,5,19,22,
John Harrison,kimberly86@hotmail.com,(698)274-1563x0995,A+,Pune,Max Healthcare,11,21,22,
Luis Tanner,hbrown@gilmore-cox.net,685-542-0937,O-,Delhi,Manipal Hospital,15,23,42,
Michael Hampton,scottcarson@hotmail.com,001-546-054-3023x18991,O-,Ahmedabad,Narayana Health,3,10,6,
Monica Morales,rachelmccormick@reed-price.com,(658)544-9812,B+,Mumbai,Apollo Hospital,12,10,15,
Dennis Garcia,katie21@yahoo.com,969.764.0046,B+,Bengaluru,Apollo Hospital,16,19,43,
Tara Stephens,dmiller@lane-ortiz.com,219-853-2410x0692,AB+,Bengaluru,Fortis,6,5,37,
Jose Ross,astrickland@preston.org,4402987515,B-,Hyderabad,Max Healthcare,5,21,33,
Angela Harper,cordovaadrian@yahoo.com,(468)053-6485x801,B-,Hyderabad,Narayana Health,8,23,8,
Anthony Carter,rebeccavilla@hotmail.com,484.602.9997x28772,A-,Kolkata,Max Healthcare,16,15,44,
Elizabeth Riggs,jimenezsara@yahoo.com,(642)566-8907x7690,A+,Kolkata,AIIMS,16,14,44,
Timothy Osborne,colemankimberly@garcia.info,879.595.1779x68576,AB-,Mumbai,Max Healthcare,18,11,5,
Scott Clark,justin98@hamilton.com,853.641.8634x21775,AB-,Bengaluru,AIIMS,10,0,39,
Tracy Duncan,juarezbethany@hotmail.com,001-795-854-7307x67325,B-,Chennai,AIIMS,15,5,4,
Susan Moore,karenherrera@yahoo.com,(838)042-7416,AB+,Chennai,AIIMS,8,17,6,
Jessica Carter,gwright@gmail.com,(899)299-8824x008,A+,Mumbai,Apollo Hospital,11,24,45,
Scott Potter,andersonkatherine@hotmail.com,+1-412-385-0781x01951,B+,Delhi,Apollo Hospital,4,18,32,
Allison Pope,uclark@gmail.com,-1572,A-,Bengaluru,Fortis,5,8,30,
Sandra Ryan,martinantonio@yahoo.com,793-670-9376,A-,Hyderabad,Narayana Health,20,1,47,
Jennifer Peterson,christophersheppard@yahoo.com,357-048-8392x51261,O+,Hyderabad,Narayana Health,20,10,35,
Stacy Avila DDS,lori73@yahoo.com,981-502-0121x9633,B-,Hyderabad,Max Healthcare,8,9,40,
Melissa Cummings,scott26@gmail.com,-6667,A-,Delhi,Fortis,18,12,16,
Christopher Wilson,oparks@crawford.com,2033619759,A-,Kolkata,Apollo Hospital,4,7,13,
Benjamin Bray,aaron14@hotmail.com,001-471-652-8442x832,B+,Hyderabad,Manipal Hospital,2,17,42,
Elizabeth Snyder DVM,donnamathis@adams-shaw.net,001-717-020-1346,B-,Kolkata,Narayana Health,20,2,30,
Kelli Franco MD,vanessabell@lopez-andrews.info,+1-006-493-9919x294,A-,Ahmedabad,Narayana Health,10,14,19,
Robert Watson,tonya59@dorsey.biz,206-027-5316x8001,A-,Hyderabad,Narayana Health,9,22,17,
Lindsey Baker,danielberry@montgomery.com,179.239.7988x0482,B+,Mumbai,Max Healthcare,13,21,19,
Kathryn Carson,jessicapope@acosta.biz,9835175849,B+,Pune,AIIMS,14,22,28,
Lindsey Hendricks,benjaminphillips@alvarez-jones.com,(054)777-5948,O+,Mumbai,Apollo Hospital,4,0,26,
Kristen Jones,sheppardjerry@wood.biz,(388)257-9875,AB-,Delhi,Narayana Health,11,13,37,
Mindy Payne,dtaylor@crawford-moore.com,-6995,B+,Hyderabad,Apollo Hospital,8,24,26,
Pamela Wall,csilva@white.net,+1-602-025-2344x5015,O+,Kolkata,Fortis,4,18,23,
Kristen Moore,normanrobert@yahoo.com,+1-427-670-4662x13768,A+,Hyderabad,Manipal Hospital,13,14,9,
John Evans,stewartkevin@yahoo.com,728-231-7584x1312,B-,Mumbai,Fortis,12,13,12,
Ryan Robinson,ramirezbilly@leblanc.com,001-657-791-9096x2546,O+,Ahmedabad,Apollo Hospital,11,8,1,
Angel Guerrero,denise80@walsh-bauer.com,(266)713-6634x338,A-,Bengaluru,Narayana Health,4,1,1,
Justin Davis,vcollins@booth.com,184-410-5660,AB-,Ahmedabad,Fortis,20,5,47,
Russell Zuniga,eadams@yahoo.com,+1-587-727-9010x001,B-,Kolkata,Fortis,12,9,34,
Mary Bean,hgarcia@parks.net,-5588,O-,Chennai,Apollo Hospital,11,12,32,
Jesse Doyle,ashley50@hotmail.com,(611)887-5495x9495,AB+,Kolkata,Apollo Hospital,14,1,25,
Robert Mcdonald,soniabarrett@campbell.com,333-920-0082x447,A+,Kolkata,Manipal Hospital,1,2,40,
Stephen Wilson,timothy62@wilson-nguyen.com,+1-423-224-5936x0520,O+,Mumbai,Apollo Hospital,1,17,45,
James Rodriguez,robertsmichelle@gmail.com,+1-983-256-4712x037,O-,Mumbai,Fortis,7,13,1,
Alyssa White,uhayden@hotmail.com,952.941.7809x59093,AB+,Pune,Narayana Health,8,2,16,
Cameron Smith,marshallnicholas@yahoo.com,+1-365-962-6210x85443,O-,Kolkata,AIIMS,8,7,39,
Christopher Riley,boylejenny@joyce-scott.com,108.197.3706,A+,Mumbai,Max Healthcare,20,0,5,
Gwendolyn Mcgrath,robert55@henson.info,431-004-3857x060,O-,Bengaluru,AIIMS,8,2,22,
Michelle King,debragomez@davis.com,(608)456-4210x152,O+,Bengaluru,Narayana Health,8,2,29,
Erin Williamson,damon74@foster-frey.com,150.318.2885,B+,Bengaluru,Fortis,5,12,3,
Andrew Roach,torresanita@hotmail.com,001-272-056-3175x2055,O+,Bengaluru,Max Healthcare,10,10,12,
Sandra Crosby,fyang@yahoo.com,+1-512-782-2156x6780,A-,Bengaluru,AIIMS,9,2,26,
Kenneth Hernandez,rowemariah@lawrence.net,001-804-574-0423x564,B+,Hyderabad,Narayana Health,8,5,16,
Stephanie Sawyer,jmyers@turner.com,231.959.7979,AB+,Kolkata,Max Healthcare,1,11,37,
Matthew Fields,sherry36@yahoo.com,011-879-8338x799,B+,Hyderabad,Narayana Health,2,0,22,
Angela Tucker,mark21@marquez.com,097.254.0610x00013,B+,Pune,Narayana Health,7,13,29,
Jennifer Pace DDS,anthonywatson@gmail.com,120.587.1543x461,A+,Ahmedabad,Fortis,5,2,14,Yes
Kimberly Mahoney,xbutler@hotmail.com,575.097.0298x5189,AB+,Ahmedabad,Manipal Hospital,1,18,28,
Stephen Pennington,scottgardner@yahoo.com,(962)844-6964,AB-,Chennai,Fortis,6,19,5,
Shannon Gill,isabellacase@gmail.com,020-216-1386x81029,B-,Delhi,Fortis,4,2,47,
Jason Petty,margaretroberts@gmail.com,447.790.7716x191,A+,Bengaluru,Apollo Hospital,3,16,30,
Stephanie Mullins,qpatel@gmail.com,199-978-2129x5800,AB+,Bengaluru,Max Healthcare,19,15,46,
Nancy Byrd,joycetorres@herman.net,7602023293,A-,Hyderabad,Apollo Hospital,7,22,5,
Michael Osborne,sandramoody@yahoo.com,8078580238,O-,Kolkata,Manipal Hospital,4,22,12,
Lance Lyons,daniel22@white.com,666-978-1123x78000,B-,Chennai,Manipal Hospital,9,2,16,
Timothy Moreno DDS,austinrobinson@gmail.com,001-588-548-7584x7527,O+,Mumbai,AIIMS,14,21,26,
Nancy Willis,tylermadden@ware-mccann.com,3368956458,O-,Chennai,AIIMS,11,23,26,
Stephen Bennett,ujackson@norman.com,341-473-3033,B-,Pune,Manipal Hospital,10,1,21,
Corey Jones,jamieturner@green.info,071.645.6665x4557,B-,Ahmedabad,AIIMS,12,24,39,
Tracey Rodgers,thomasmitchell@gmail.com,823-434-0857x2591,O+,Chennai,Apollo Hospital,13,1,36,
Carolyn Burch,jameswalters@burton-cook.com,829.970.2613x35854,A+,Hyderabad,AIIMS,2,14,33,
Jackson Campbell,johnmartinez@yahoo.com,234079484,O-,Mumbai,AIIMS,7,21,30,
Melissa Acevedo,caleb91@vang-landry.info,278-114-9541x92141,AB+,Pune,Narayana Health,18,9,37,
Brett Joseph,kwilcox@hickman-george.com,(048)941-8538x5891,B+,Hyderabad,Max Healthcare,5,7,23,
Rachel Moore,earltorres@yahoo.com,553.796.8521,AB+,Ahmedabad,Narayana Health,6,15,10,
Benjamin Harrison,ashleyhawkins@benjamin.net,(924)897-7893x185,B+,Delhi,Apollo Hospital,1,17,5,
James Marquez,paigelindsey@gmail.com,(167)461-4327,O+,Pune,Fortis,9,21,36,
Daniel Cole,taylornorris@le-chandler.com,001-122-538-3644x939,O+,Hyderabad,Max Healthcare,15,0,34,
Amy Hicks,contrerasemily@casey-shields.org,001-401-765-2277x1901,B+,Bengaluru,Manipal Hospital,17,12,31,
Christopher Reed,markcrawford@hotmail.com,+1-501-492-3536x3721,O+,Ahmedabad,Fortis,14,15,10,
Debra Cook,millertheresa@love-robbins.com,001-531-933-0954x0029,AB+,Kolkata,Max Healthcare,20,22,19,
Madeline Hobbs,fergusonveronica@curry.com,(823)222-5541,A-,Pune,Narayana Health,13,8,32,
Stephanie Liu,davidward@yahoo.com,001-862-285-5414,B+,Chennai,Max Healthcare,12,2,1,
Mark Wagner,khansuzanne@mcmahon.com,001-232-358-0513x06809,B-,Delhi,Apollo Hospital,16,10,5,
Patrick Baker,justin49@bennett.net,(492)947-8246x9450,B-,Delhi,Fortis,2,9,45,
James Holloway DDS,nmolina@hotmail.com,+1-451-088-5281x434,A-,Pune,Max Healthcare,11,18,4,
Christopher Ingram,phill@gmail.com,(591)753-7514x066,B+,Ahmedabad,Manipal Hospital,19,17,16,
Preston Baird,paul83@jones.com,(382)576-2032x7997,O-,Delhi,Apollo Hospital,8,9,24,
Christopher Harper,robertsampson@clark-patel.com,(075)825-5065x35514,A-,Chennai,Fortis,7,22,16,
Jessica Mcclure,lhuang@yahoo.com,+1-328-283-3842x31907,O+,Hyderabad,Apollo Hospital,20,1,2,
Angela Bullock,egonzalez@jennings-fleming.org,001-975-305-4699x070,A+,Bengaluru,Manipal Hospital,3,0,28,
Amy Nguyen,woodkatherine@gutierrez.com,001-073-230-2747x2170,O+,Kolkata,AIIMS,8,17,32,
Frank Hatfield,karenroberts@yahoo.com,(954)846-7003x13279,A+,Mumbai,AIIMS,4,4,27,
Laura Clark,jonesricardo@gmail.com,635-129-9711x19588,O+,Chennai,Fortis,13,3,20,
Mark Oliver,leslieharrison@gmail.com,001-528-939-0678x5966,AB+,Pune,Manipal Hospital,5,20,24,
Gabriella Nunez,johnsoncynthia@vega.info,776-516-8657,O-,Delhi,Manipal Hospital,11,13,12,
Phillip Martin,solomonstacy@gmail.com,120.359.0941,O-,Ahmedabad,Fortis,17,14,35,
Caleb Bullock,roybarber@king.com,1405690296,AB-,Pune,AIIMS,2,19,33,
v,d,1234567891,A+,Banglore,apollo,0,0,24,Yes
d,jfbvuy,452156445321,A+,Banglore,apollo,3,2,24,
